ImageId,pred_mask
0114f484a16c152baa2d82fdd43740880a762c93f436c8988ac461c5c9dbe7d5,"[[[2.19827372e-04 1.36891511e-04 7.07389045e-05 ... 1.18725242e-04
   5.82082757e-05 1.17651543e-04]
  [6.15781537e-05 8.83315588e-05 8.72577730e-05 ... 1.00260186e-04
   4.46030790e-05 1.25627193e-04]
  [1.13862159e-04 1.19353972e-04 1.31119028e-04 ... 1.19913064e-04
   8.59203210e-05 1.21399884e-04]
  ...
  [1.01737081e-04 8.16722168e-05 7.40796313e-05 ... 5.90502132e-05
   1.04730068e-04 6.90048037e-05]
  [6.46211047e-05 5.62909408e-05 5.16173459e-05 ... 4.24243663e-05
   5.29934514e-05 4.12896952e-05]
  [4.90286620e-04 3.13050667e-04 1.22946847e-04 ... 7.06122664e-05
   1.65300109e-04 1.74616580e-04]]]"
0999dab07b11bc85fb8464fc36c947fbd8b5d6ec49817361cb780659ca805eac,"[[[4.8836402e-04 2.3196668e-04 9.6200893e-05 ... 9.9997425e-01
   9.8045522e-01 5.6153595e-02]
  [2.2796873e-04 1.8968395e-04 1.3103642e-04 ... 9.6765900e-01
   1.3088487e-02 9.0869621e-04]
  [1.0168881e-03 3.6414337e-04 2.2217198e-04 ... 6.4929429e-04
   7.0451369e-04 2.8171050e-04]
  ...
  [9.9597836e-01 2.9330993e-01 2.7395011e-04 ... 2.1850482e-04
   3.8171618e-04 1.2091650e-04]
  [1.8768406e-01 2.2661062e-04 1.4383311e-04 ... 1.6194371e-04
   1.3282264e-04 9.9128149e-05]
  [3.2763551e-03 6.7986589e-04 2.0248746e-04 ... 1.7232000e-04
   3.5776119e-04 2.7082235e-04]]]"
0a849e0eb15faa8a6d7329c3dd66aabe9a294cccb52ed30a90c8ca99092ae732,"[[[3.1050894e-04 3.5271354e-04 9.6867851e-04 ... 9.9999976e-01
   9.9999261e-01 3.2443091e-01]
  [1.3065401e-04 1.8560655e-04 4.8671983e-04 ... 9.9183345e-01
   9.9642664e-01 1.4331034e-02]
  [2.3501860e-04 3.1234682e-04 4.1897176e-04 ... 3.8328851e-04
   2.8479304e-03 2.1196171e-03]
  ...
  [2.5886562e-04 3.9684976e-04 3.1511407e-04 ... 7.0420391e-04
   7.8415510e-04 1.9015116e-04]
  [1.8070285e-04 2.1527018e-04 1.7430402e-04 ... 3.0046335e-04
   2.2810572e-04 1.1514399e-04]
  [6.3038510e-03 1.9499655e-03 3.9059532e-04 ... 2.4877739e-04
   7.7912811e-04 3.9565531e-04]]]"
0e132f71c8b4875c3c2dd7a22997468a3e842b46aa9bd47cf7b0e8b7d63f0925,"[[[1.86394522e-04 1.18383272e-04 6.57880009e-05 ... 1.00122415e-04
   5.56458835e-05 1.07206855e-04]
  [5.89551200e-05 6.81456004e-05 7.01916579e-05 ... 8.97963182e-05
   5.92082615e-05 1.06008629e-04]
  [1.07216678e-04 9.02105967e-05 8.12305807e-05 ... 1.13788577e-04
   1.19088516e-04 7.83103169e-05]
  ...
  [1.04886072e-04 7.20210737e-05 8.33863160e-05 ... 6.64362233e-05
   7.94042062e-05 5.79605730e-05]
  [6.09623821e-05 5.19114110e-05 4.87251273e-05 ... 4.55395275e-05
   3.75450727e-05 3.47330169e-05]
  [2.42975104e-04 1.64638506e-04 7.88284160e-05 ... 5.11475955e-05
   1.22961166e-04 1.33717534e-04]]]"
0ed3555a4bd48046d3b63d8baf03a5aa97e523aa483aaa07459e7afa39fb96c6,"[[[1.94411026e-04 1.16098876e-04 5.89847004e-05 ... 9.97001698e-05
   5.28000528e-05 9.98707692e-05]
  [5.91266762e-05 6.32539231e-05 7.12436522e-05 ... 8.93463512e-05
   6.60410587e-05 1.15072973e-04]
  [1.07248161e-04 9.73107235e-05 9.72609996e-05 ... 1.15502706e-04
   1.33493697e-04 9.18190490e-05]
  ...
  [1.10366636e-04 7.28679588e-05 7.44580393e-05 ... 7.40753239e-05
   9.27099463e-05 5.67683965e-05]
  [6.26137553e-05 4.96293687e-05 4.90199600e-05 ... 5.23769413e-05
   4.06498948e-05 3.76941316e-05]
  [2.43024930e-04 1.55352260e-04 7.45901489e-05 ... 5.68563300e-05
   1.31016801e-04 1.28091706e-04]]]"
0f1f896d9ae5a04752d3239c690402c022db4d72c0d2c087d73380896f72c466,"[[[2.6150988e-03 1.8304837e-03 2.4726961e-03 ... 1.6617465e-03
   1.0117895e-03 1.1814029e-03]
  [7.7181455e-04 6.8535318e-04 5.0177827e-04 ... 1.2350618e-04
   1.3132649e-04 5.2872678e-04]
  [9.1454620e-04 8.4459007e-04 5.4770190e-04 ... 5.6784531e-05
   4.4841956e-05 3.1724587e-04]
  ...
  [6.2423986e-01 4.4271389e-01 2.8735964e-02 ... 4.0444113e-05
   4.1562442e-05 3.2091633e-04]
  [9.9776196e-01 9.9799675e-01 7.1201271e-01 ... 5.7642363e-05
   4.3969096e-05 2.5198795e-04]
  [5.1454484e-01 6.8013042e-01 1.0477027e-02 ... 1.4658188e-04
   4.8594052e-04 7.8017497e-04]]]"
1747f62148a919c8feb6d607faeebdf504b5e2ad42b6b1710b1189c37ebcdb2c,"[[[0.00052574 0.00048512 0.0003166  ... 0.00051129 0.00028383 0.00041557]
  [0.00018343 0.00046738 0.00063756 ... 0.00058859 0.0005398  0.00044136]
  [0.00026412 0.00050651 0.0008135  ... 0.00031135 0.00174213 0.00043862]
  ...
  [0.00031119 0.00038475 0.00030959 ... 0.00040084 0.00103935 0.00033372]
  [0.00023387 0.00025118 0.00025064 ... 0.00044069 0.00023565 0.00031276]
  [0.00839282 0.00248623 0.00051934 ... 0.00040101 0.00236288 0.00163094]]]"
17b9bf4356db24967c4677b8376ac38f826de73a88b93a8d73a8b452e399cdff,"[[[1.3155946e-01 9.7345901e-01 7.1154183e-01 ... 1.4742305e-04
   1.0716495e-04 9.3456451e-04]
  [9.0927839e-01 9.9931622e-01 9.7520274e-01 ... 3.8060254e-05
   3.1640797e-05 4.0853553e-04]
  [8.7780342e-02 3.5234183e-01 3.7440350e-03 ... 4.9689417e-05
   2.6287606e-05 1.2060111e-04]
  ...
  [1.6511369e-03 5.7749450e-04 8.8203722e-04 ... 9.9909997e-01
   9.6214497e-01 8.7969244e-01]
  [3.4281814e-03 1.0418141e-03 8.8243181e-04 ... 9.9897695e-01
   9.8986977e-01 9.8308390e-01]
  [4.0476811e-03 6.3170758e-03 1.2613138e-03 ... 4.4323689e-01
   2.0332152e-01 4.9435964e-01]]]"
1879f4f4f05e2bada0ffeb46c128b8df7a79b14c84f38c3e216a69653495153b,"[[[3.5443381e-04 2.6028024e-04 1.3385098e-04 ... 9.6435106e-05
   6.0526083e-05 1.2925942e-04]
  [1.1683944e-04 2.0145104e-04 1.7770463e-04 ... 7.9190278e-05
   5.5223085e-05 1.3445450e-04]
  [2.4170868e-04 2.7768235e-04 3.3148142e-04 ... 9.0872127e-05
   7.6168253e-05 8.5198917e-05]
  ...
  [3.1685532e-04 3.6336537e-04 2.8998524e-04 ... 3.2944183e-04
   5.8721605e-04 2.3164334e-04]
  [2.1089952e-04 1.6481130e-04 1.7740311e-04 ... 4.3749620e-04
   2.0139648e-04 2.1469255e-04]
  [5.5888942e-03 1.0178316e-03 3.1134638e-04 ... 7.9705764e-04
   1.7888773e-03 1.1792195e-03]]]"
191b2b2205f2f5cc9da04702c5d422bc249faf8bca1107af792da63cccfba829,"[[[2.27367214e-04 1.44571633e-04 7.79240727e-05 ... 1.68243496e-04
   1.09629473e-04 1.94705630e-04]
  [6.17284313e-05 8.49894786e-05 8.54286554e-05 ... 1.40057862e-04
   1.11984053e-04 1.94374516e-04]
  [1.18277203e-04 1.10517765e-04 1.15346971e-04 ... 1.61324147e-04
   2.07950492e-04 1.83271826e-04]
  ...
  [1.10070672e-04 9.08389484e-05 7.85435041e-05 ... 6.37834455e-05
   6.59928992e-05 5.04225100e-05]
  [6.75139745e-05 5.81198074e-05 5.46516749e-05 ... 4.26954430e-05
   4.22949452e-05 2.58939504e-03]
  [4.63801465e-04 2.77204905e-04 1.20616394e-04 ... 8.77292478e-05
   3.33544827e-04 2.09115788e-01]]]"
1962d0c5faf3e85cda80e0578e0cb7aca50826d781620e5c1c4cc586bc69f81a,"[[[9.99392271e-01 9.99991179e-01 9.99993920e-01 ... 1.24270812e-01
   7.92417884e-01 9.66686428e-01]
  [9.99798238e-01 9.99999404e-01 9.99999642e-01 ... 9.99999762e-01
   1.00000000e+00 9.99985814e-01]
  [7.15582192e-01 9.99489188e-01 9.99947309e-01 ... 9.99451697e-01
   9.99968290e-01 9.98308063e-01]
  ...
  [9.99985814e-01 9.99995351e-01 9.99918699e-01 ... 6.75608031e-03
   1.04632892e-03 5.40127163e-04]
  [9.99831438e-01 9.99975562e-01 9.99990582e-01 ... 2.41997855e-04
   1.20275065e-04 1.60183103e-04]
  [9.58200037e-01 9.96871531e-01 9.99174178e-01 ... 3.52178322e-04
   1.39404112e-03 2.71974597e-04]]]"
1cdbfee1951356e7b0a215073828695fe1ead5f8b1add119b6645d2fdc8d844e,"[[[3.9258110e-04 3.1375463e-04 2.2126803e-04 ... 1.8203270e-04
   1.0208186e-04 1.9394630e-04]
  [1.4662227e-04 3.1522257e-04 5.0450064e-04 ... 1.6846697e-04
   8.9751884e-05 2.0690089e-04]
  [2.5229232e-04 4.5425294e-04 5.7992450e-04 ... 1.4959942e-04
   1.3483930e-04 1.6522717e-04]
  ...
  [2.0598383e-04 3.2544672e-04 2.2008135e-04 ... 6.7704776e-04
   1.1533145e-03 2.6746726e-04]
  [2.1086214e-04 1.7177894e-04 1.6018770e-04 ... 4.9851969e-04
   2.1575986e-04 1.2820389e-04]
  [2.1506600e-02 4.5609213e-03 3.8518975e-04 ... 5.3587375e-04
   2.2034487e-03 9.3371491e-04]]]"
1d9eacb3161f1e2b45550389ecf7c535c7199c6b44b1c6a46303f7b965e508f1,"[[[8.8613789e-04 6.0998829e-04 5.9782207e-04 ... 2.1816653e-04
   9.6930627e-04 1.2335982e-03]
  [2.9158292e-04 1.5299473e-04 9.5510230e-05 ... 3.0300577e-04
   9.4129699e-01 3.6368635e-02]
  [6.4919033e-04 4.0768020e-04 2.5210113e-04 ... 1.0000000e+00
   1.0000000e+00 1.0000000e+00]
  ...
  [4.0315822e-04 3.4410425e-04 5.8619800e-04 ... 6.6131179e-05
   2.1875723e-05 1.8085953e-04]
  [1.1490067e-03 1.8393340e-03 7.6914561e-04 ... 1.0598275e-04
   5.1644431e-05 3.2542963e-04]
  [1.3036781e-03 1.1127659e-01 1.0452693e-03 ... 2.1352974e-04
   5.9139432e-04 1.2760516e-03]]]"
1ef68e93964c2d9230100c1347c328f6385a7bc027879dc3d4c055e6fe80cb3c,"[[[2.18133457e-04 1.44587902e-04 7.54201901e-05 ... 1.12812864e-04
   8.45396571e-05 1.26490137e-04]
  [7.66054582e-05 8.31930738e-05 8.26991891e-05 ... 8.45871473e-05
   8.15010571e-05 1.18829441e-04]
  [1.42119417e-04 1.19948752e-04 1.05455008e-04 ... 1.12452959e-04
   1.39979617e-04 8.25615352e-05]
  ...
  [1.03463070e-04 1.05798274e-04 5.65592700e-06 ... 6.21752988e-05
   8.05308082e-05 5.24709722e-05]
  [5.82927132e-05 1.82464530e-04 8.47900537e-06 ... 4.64894692e-05
   4.03494960e-05 3.59428195e-05]
  [3.50595801e-04 2.32813787e-03 2.23966381e-05 ... 6.01665852e-05
   1.34084359e-04 1.35360257e-04]]]"
259b35151d4a7a5ffdd7ab7f171b142db8cfe40beeee67277fac6adca4d042c4,"[[[2.40733894e-03 2.44425167e-03 2.05090852e-03 ... 6.47277236e-02
   7.17665553e-02 1.02238385e-02]
  [8.75713013e-04 7.56142079e-04 4.38383926e-04 ... 9.05294597e-01
   9.97145832e-01 1.82154953e-01]
  [1.85144530e-03 1.45115925e-03 1.02995802e-03 ... 5.81800472e-04
   3.65263559e-02 1.37737964e-03]
  ...
  [8.36462073e-04 5.89608506e-04 7.71572581e-04 ... 1.19191107e-04
   6.57240962e-05 2.53063947e-04]
  [1.72881677e-03 1.58347248e-03 8.31626065e-04 ... 1.51239670e-04
   1.06236112e-04 3.90078989e-04]
  [2.03241617e-03 3.23148109e-02 1.17745227e-03 ... 3.84341169e-04
   6.54168951e-04 1.16742169e-03]]]"
295682d9eb5acb5c1976a460c085734bfaf38482b0a3f02591c2bfdcd4128549,"[[[1.88194987e-04 1.08559019e-04 5.95217753e-05 ... 1.05866282e-04
   5.20420144e-05 9.97705502e-05]
  [6.24046443e-05 6.64529507e-05 7.07870131e-05 ... 9.23508269e-05
   5.18537672e-05 1.03490602e-04]
  [1.14276037e-04 9.96527306e-05 1.00300538e-04 ... 1.13370188e-04
   1.02647136e-04 9.37467048e-05]
  ...
  [1.01616555e-04 6.43768581e-05 6.88209984e-05 ... 7.06399442e-05
   9.21677492e-05 5.42766320e-05]
  [6.61568483e-05 5.31688493e-05 4.78696747e-05 ... 5.18819616e-05
   4.58860886e-05 3.88017579e-05]
  [2.52206199e-04 1.53768851e-04 7.33247361e-05 ... 5.45057337e-05
   1.30850880e-04 1.40408738e-04]]]"
31f1fbe85b8899258ea5bcf5f93f7ac8238660c386aeab40649c715bd2e38a0a,"[[[2.06737415e-04 1.20050594e-04 6.50319489e-05 ... 1.18288022e-04
   6.22222142e-05 1.08525899e-04]
  [6.70109148e-05 7.18303272e-05 6.69339570e-05 ... 9.02092142e-05
   6.04617053e-05 1.09335895e-04]
  [1.27052612e-04 9.79673132e-05 8.26254109e-05 ... 1.06533247e-04
   1.13519585e-04 9.68566455e-05]
  ...
  [1.05721323e-04 7.08022708e-05 7.06012870e-05 ... 6.59276702e-05
   9.30368260e-05 6.20854189e-05]
  [6.01344109e-05 5.24832358e-05 5.06346732e-05 ... 4.49382351e-05
   4.57142705e-05 4.33175919e-05]
  [2.38719629e-04 1.63054356e-04 8.37707048e-05 ... 4.91306891e-05
   1.29833948e-04 1.40829085e-04]]]"
336d3e4105766f8ad328a7ee9571e743f376f8cbcf6a969ca7e353fe3235c523,"[[[0.00104722 0.00041878 0.00015654 ... 0.04885216 0.00120845 0.00746824]
  [0.00015979 0.00017668 0.00015708 ... 0.00039898 0.00057813 0.00047473]
  [0.00026704 0.00021611 0.00023231 ... 0.00034411 0.00054742 0.00017562]
  ...
  [0.00020792 0.00015707 0.00016265 ... 0.00028307 0.00047491 0.00013198]
  [0.0001157  0.00012907 0.00011294 ... 0.00018299 0.00016936 0.00012847]
  [0.0003882  0.00030554 0.00015508 ... 0.00016542 0.00041659 0.00034139]]]"
38f5cfb55fc8b048e82a5c895b25fefae7a70c71ab9990c535d1030637bf6a1f,"[[[8.7119253e-05 9.3612791e-05 6.9503738e-05 ... 1.3907081e-04
   7.6542659e-05 1.4868173e-04]
  [3.0996267e-05 2.8390594e-05 1.6439350e-04 ... 1.2437886e-04
   6.3726904e-05 1.5336470e-04]
  [9.9762672e-01 4.0648112e-05 7.8971361e-06 ... 1.3184232e-04
   1.1566561e-04 1.3441233e-04]
  ...
  [9.1575697e-05 6.9451002e-05 6.3439620e-05 ... 7.9327539e-05
   1.2176473e-04 6.7972571e-05]
  [6.0674429e-05 4.4040687e-05 4.2132906e-05 ... 4.3946417e-05
   4.8097460e-05 3.9514456e-05]
  [3.9660148e-04 2.0442424e-04 9.7059303e-05 ... 7.3820753e-05
   1.7260002e-04 1.8020025e-04]]]"
3c4c675825f7509877bc10497f498c9a2e3433bf922bd870914a2eb21a54fd26,"[[[7.3043094e-04 4.2885836e-04 4.2364761e-04 ... 1.3836777e-04
   9.5328425e-05 8.8401395e-04]
  [1.7052528e-04 1.0512489e-04 1.0805286e-04 ... 3.8561982e-05
   3.2662902e-05 4.5037505e-04]
  [3.7981576e-04 2.8301697e-04 2.4718925e-04 ... 4.5564244e-05
   2.2560220e-05 1.2691952e-04]
  ...
  [6.2263483e-04 3.9750536e-04 5.4351112e-04 ... 7.9182500e-05
   4.4415348e-05 3.0583228e-04]
  [1.8585153e-03 1.1011778e-03 6.0150790e-04 ... 1.0154159e-04
   5.4344375e-05 2.6025940e-04]
  [1.8768330e-03 1.5059772e-02 8.8006270e-04 ... 1.7366381e-04
   3.4746685e-04 7.6100236e-04]]]"
432f367a4c5b5674de2e2977744d10289a064e5704b21af6607b4975be47c580,"[[[5.86179318e-04 8.19141453e-04 1.22795785e-02 ... 1.00931929e-05
   1.48574127e-05 1.66979954e-01]
  [6.76623458e-05 3.92819275e-05 4.83568037e-05 ... 1.71241850e-01
   9.99997973e-01 9.99923825e-01]
  [1.83688215e-04 8.00263224e-05 8.30193603e-05 ... 1.00000000e+00
   1.00000000e+00 9.98592079e-01]
  ...
  [4.13016491e-02 8.91167845e-04 2.78263051e-05 ... 1.25234292e-04
   9.61655676e-01 9.95155692e-01]
  [9.58873928e-01 9.86359298e-01 9.17224705e-01 ... 1.00275784e-05
   8.10482144e-01 9.99983191e-01]
  [9.87024188e-01 9.99562323e-01 9.99658942e-01 ... 3.91367757e-05
   5.90978125e-05 1.81773223e-03]]]"
43a71aeb641faa18742cb826772a8566c6c947d7050f9ab15459de6cc2b3b6af,"[[[3.08946590e-04 1.89935163e-04 8.25417737e-05 ... 9.99710262e-01
   9.96275067e-01 4.99879196e-03]
  [8.03989024e-05 8.36010513e-05 8.62412708e-05 ... 9.93987322e-01
   6.86223567e-01 5.81556815e-04]
  [1.49579602e-04 1.08461441e-04 9.62677877e-05 ... 1.05378305e-04
   2.94756406e-04 3.61741404e-04]
  ...
  [8.47489059e-01 9.99920011e-01 9.98209834e-01 ... 9.64096253e-05
   1.58224400e-04 1.89875936e-04]
  [9.99979734e-01 9.99994755e-01 9.99799430e-01 ... 1.08237036e-04
   8.74355173e-05 2.22823452e-04]
  [9.96974587e-01 9.97981906e-01 9.94537294e-01 ... 2.60511850e-04
   6.32572919e-04 6.24587876e-04]]]"
44afae184c89e6ba55985b4d341acc1ae1e8b6ef96312064e0e6e630e022b078,"[[[9.9647588e-01 9.9480432e-01 3.3620849e-02 ... 9.5820328e-04
   1.2261249e-04 3.7031674e-03]
  [3.3932284e-01 1.6469797e-02 8.1926435e-03 ... 1.0000000e+00
   9.9862826e-01 2.8135005e-01]
  [1.5687967e-02 2.7769239e-04 9.9765152e-01 ... 1.0000000e+00
   1.0000000e+00 9.9967122e-01]
  ...
  [5.8929442e-04 3.8861090e-04 5.1195937e-04 ... 8.8904583e-01
   1.3938426e-03 1.0707557e-03]
  [1.5809099e-03 9.3764468e-04 5.3042534e-04 ... 9.9940348e-01
   2.2005852e-01 1.5813028e-03]
  [2.3878408e-03 2.0977736e-02 8.2247338e-04 ... 9.5987898e-01
   6.4183301e-01 3.8119035e-03]]]"
4727d94c6a57ed484270fdd8bbc6e3d5f2f15d5476794a4e37a40f2309a091e2,"[[[1.93081127e-04 1.16132549e-04 6.51372757e-05 ... 1.11270347e-04
   5.36242223e-05 1.03069091e-04]
  [6.06354442e-05 6.74500116e-05 7.36734946e-05 ... 9.19646845e-05
   5.52339334e-05 1.08565750e-04]
  [1.08572684e-04 9.33119081e-05 9.08520233e-05 ... 1.07560845e-04
   1.11493180e-04 1.01411926e-04]
  ...
  [1.12471731e-04 7.78003741e-05 7.22110126e-05 ... 7.46081496e-05
   8.77875791e-05 5.24935458e-05]
  [6.47215056e-05 5.21127877e-05 4.42566270e-05 ... 5.70116026e-05
   4.41527991e-05 3.72589784e-05]
  [2.34404302e-04 1.52766734e-04 7.62780110e-05 ... 5.05183853e-05
   1.25456485e-04 1.30794622e-04]]]"
472b1c5ff988dadc209faea92499bc07f305208dbda29d16262b3d543ac91c71,"[[[2.1938663e-03 4.3551871e-03 3.3009676e-03 ... 6.7783182e-04
   9.8157814e-04 2.2363949e-03]
  [6.1991491e-04 1.0664784e-03 4.1780976e-04 ... 1.2519943e-04
   1.9108901e-04 9.0998621e-04]
  [8.2009664e-04 1.2123159e-03 8.1433676e-04 ... 7.8230973e-05
   1.0734700e-04 4.5833256e-04]
  ...
  [9.9984252e-01 9.9991941e-01 9.9997592e-01 ... 9.4488199e-04
   6.2588900e-03 3.4755641e-03]
  [9.9929917e-01 9.9982220e-01 9.9994230e-01 ... 2.4295498e-03
   4.4498152e-01 3.0799331e-03]
  [6.3771957e-01 9.8571324e-01 8.0276066e-01 ... 1.8807038e-03
   7.0012718e-02 1.5551612e-03]]]"
4be73d68f433869188fe5e7f09c7f681ed51003da6aa5d19ce368726d8e271ee,"[[[5.3893095e-03 5.1135785e-04 2.4420116e-04 ... 9.7748965e-01
   1.0861212e-03 7.4854004e-03]
  [2.1334860e-04 3.7855399e-04 4.7746068e-04 ... 3.2739442e-02
   1.3706948e-03 1.0449408e-03]
  [2.8878808e-04 5.5248709e-04 7.4327918e-04 ... 3.5810987e-03
   3.1604341e-03 3.7646596e-04]
  ...
  [7.4264568e-01 9.9898249e-01 9.9947852e-01 ... 3.8408441e-04
   6.7208661e-04 2.6119506e-04]
  [9.7074091e-01 9.9989653e-01 9.9998593e-01 ... 3.5437939e-04
   2.6075315e-04 1.6241118e-04]
  [8.5362875e-01 9.9897563e-01 9.9989498e-01 ... 2.5581734e-04
   8.9946482e-04 6.2593736e-04]]]"
4f949bd8d914bbfa06f40d6a0e2b5b75c38bf53dbcbafc48c97f105bee4f8fac,"[[[0.00034603 0.00027314 0.00017321 ... 0.00033818 0.00019078 0.00030567]
  [0.00014644 0.00027729 0.0003193  ... 0.00042852 0.00019419 0.00033324]
  [0.0002794  0.00041904 0.00038837 ... 0.00028849 0.00046986 0.00034574]
  ...
  [0.00403386 0.00181328 0.00078329 ... 0.00034857 0.00059304 0.00021357]
  [0.0003408  0.00024107 0.0001777  ... 0.00031142 0.00019859 0.00011019]
  [0.00221086 0.00056532 0.00017243 ... 0.00031309 0.0009638  0.00048671]]]"
505bc0a3928d8aef5ce441c5a611fdd32e1e8eccdc15cc3a52b88030acb50f81,"[[[2.42910028e-04 1.58062758e-04 8.71357915e-05 ... 9.04018598e-05
   5.00906244e-05 1.20554425e-04]
  [7.86719102e-05 9.87038729e-05 9.73205679e-05 ... 7.90796548e-05
   4.37229428e-05 1.16091695e-04]
  [1.54444497e-04 1.27687570e-04 1.11230889e-04 ... 9.18238584e-05
   8.05270465e-05 9.07599751e-05]
  ...
  [1.65431164e-04 1.31982815e-04 1.31199326e-04 ... 3.75139498e-04
   1.58052985e-03 2.80147156e-04]
  [1.16066338e-04 1.08304041e-04 7.39128955e-05 ... 4.30793356e-04
   2.75887636e-04 1.37920957e-04]
  [6.98626391e-04 4.67653794e-04 1.71723426e-04 ... 3.46377259e-04
   4.65208851e-03 9.66250140e-04]]]"
519dc0d672d1c295fc69b629af8721ccb1a1f136d1976685a68487e62547ffe0,"[[[2.37835877e-04 1.36715535e-04 6.88725995e-05 ... 1.43601370e-04
   8.51788500e-05 1.61731674e-04]
  [6.44533357e-05 8.07586621e-05 8.36103718e-05 ... 1.23386577e-04
   6.93504771e-05 1.63478719e-04]
  [1.33261841e-04 1.22719517e-04 1.36267161e-04 ... 1.32452958e-04
   1.15796494e-04 1.33832087e-04]
  ...
  [1.41691562e-04 1.33386944e-04 1.02161328e-04 ... 6.11852738e-05
   9.36787037e-05 6.35949837e-05]
  [8.75990081e-05 8.25938187e-05 7.36575457e-05 ... 4.75682900e-05
   4.77062531e-05 4.12445988e-05]
  [6.29002461e-04 3.84001498e-04 1.48737177e-04 ... 7.40083851e-05
   1.66318147e-04 1.79186623e-04]]]"
51c70bb8a299943b27f8b354571272692d8f2705036a1a9562156c76da5f025b,"[[[1.9277724e-04 1.1382145e-04 6.4321692e-05 ... 1.0627443e-02
   5.3749764e-03 7.9000902e-01]
  [6.0166818e-05 6.4690590e-05 6.6387016e-05 ... 9.9999988e-01
   9.9998701e-01 9.1689950e-01]
  [1.0793803e-04 9.1385264e-05 8.5494103e-05 ... 9.9999726e-01
   9.9999988e-01 9.9613261e-01]
  ...
  [1.1370114e-04 6.5690518e-05 7.1259012e-05 ... 7.1145616e-05
   7.5906857e-05 4.9484377e-05]
  [6.4923581e-05 4.9151960e-05 4.7267717e-05 ... 4.6051311e-05
   3.7561043e-05 3.4096145e-05]
  [2.3911396e-04 1.5726867e-04 7.4350544e-05 ... 4.8715840e-05
   1.2103647e-04 1.3522118e-04]]]"
52b267e20519174e3ce1e1994b5d677804b16bc670aa5f6ffb6344a0fdf63fde,"[[[6.1412359e-04 4.2294210e-04 1.6349167e-04 ... 9.8639401e-04
   2.1170138e-04 1.0932424e-03]
  [1.2799476e-04 1.0969807e-04 8.9995534e-05 ... 1.3746799e-04
   5.7561789e-04 4.0684955e-04]
  [2.4686166e-04 1.5562180e-04 1.3895416e-04 ... 8.8498658e-05
   4.9779034e-04 2.0309656e-04]
  ...
  [9.0068954e-01 7.3738962e-01 9.6267384e-01 ... 9.5667463e-05
   2.0431512e-04 2.5393380e-04]
  [9.9295360e-01 8.2515937e-01 9.9907899e-01 ... 1.0531512e-04
   1.2983383e-04 4.5913956e-04]
  [9.3258578e-01 4.5563418e-01 3.5928053e-01 ... 5.4196408e-04
   2.0494871e-03 9.8260178e-04]]]"
53df5150ee56253fe5bc91a9230d377bb21f1300f443ba45a758bcb01a15c0e4,"[[[2.19547539e-04 1.32219502e-04 6.72822134e-05 ... 9.97753918e-01
   4.84411372e-04 6.16158871e-03]
  [6.01829415e-05 7.93845975e-05 8.11257632e-05 ... 9.99999762e-01
   9.99996901e-01 9.43733454e-01]
  [1.17172473e-04 1.11513276e-04 1.20009965e-04 ... 9.99976039e-01
   9.99999404e-01 9.99148488e-01]
  ...
  [1.29006876e-04 1.20442164e-04 1.01649508e-04 ... 6.90755769e-05
   1.14752358e-04 7.35963913e-05]
  [7.94397274e-05 7.16038849e-05 6.94502742e-05 ... 6.29147544e-05
   5.76916354e-05 4.64371842e-05]
  [5.67567477e-04 3.37046135e-04 1.41599579e-04 ... 8.34427119e-05
   1.72996122e-04 1.85875397e-04]]]"
550450e4bff4036fd671decdc5d42fec23578198d6a2fd79179c4368b9d6da18,"[[[9.9998426e-01 9.9998140e-01 9.9997640e-01 ... 9.9994946e-01
   9.9990189e-01 5.8737820e-01]
  [9.9999774e-01 1.0000000e+00 1.0000000e+00 ... 6.0843362e-04
   1.1681295e-01 3.5891831e-03]
  [5.6470871e-01 9.9827182e-01 9.9822885e-01 ... 3.9852664e-05
   1.3932246e-05 2.4834157e-05]
  ...
  [9.9999511e-01 5.9420061e-01 1.2120554e-03 ... 9.9697471e-01
   9.9997365e-01 9.9795425e-01]
  [9.9999952e-01 9.9952328e-01 7.9700005e-01 ... 9.9999237e-01
   9.9999988e-01 9.9985826e-01]
  [6.9929701e-01 9.4542676e-01 9.9960572e-01 ... 9.9955267e-01
   9.9994314e-01 9.5788085e-01]]]"
5cee644e5ffbef1ba021c7f389b33bafd3b1841f04d3edd7922d5084c2c4e0c7,"[[[4.5250193e-04 4.1458438e-04 2.3383042e-04 ... 4.4269150e-04
   2.1112346e-04 4.1673475e-04]
  [1.6643871e-04 3.6299057e-04 3.7322394e-04 ... 6.1912608e-04
   3.1225066e-04 3.4320363e-04]
  [3.0748264e-04 4.6025543e-04 8.0318004e-04 ... 4.2962824e-04
   1.4056594e-03 4.4942598e-04]
  ...
  [1.1927524e-04 1.1085509e-04 1.0953134e-04 ... 7.6586468e-05
   7.0265458e-05 5.0456711e-05]
  [6.4174892e-05 5.2076764e-05 5.3962023e-05 ... 4.8518887e-05
   5.1712286e-05 4.8570368e-05]
  [3.5647853e-04 2.0676896e-04 1.0251606e-04 ... 6.8729765e-05
   1.5716208e-04 1.7401390e-04]]]"
648c8ffa496e1716017906d0bf135debfc93386ae86aa3d4adbda9a505985fd9,"[[[1.84701770e-04 1.08258813e-04 5.97983308e-05 ... 1.09751221e-04
   6.29421775e-05 1.13352355e-04]
  [6.06827052e-05 6.44765678e-05 6.31100484e-05 ... 8.95396224e-05
   6.87289794e-05 1.15438954e-04]
  [1.15622053e-04 1.04723273e-04 8.91427917e-05 ... 1.11785608e-04
   1.08567816e-04 8.27742260e-05]
  ...
  [9.57697848e-05 5.78232139e-05 7.30733664e-05 ... 6.53530515e-05
   9.87448293e-05 5.42568632e-05]
  [5.77351711e-05 5.93159748e-05 6.15001045e-05 ... 5.03814190e-05
   4.00883837e-05 3.47163259e-05]
  [2.18378613e-04 1.58118070e-04 8.62444795e-05 ... 5.46981828e-05
   1.15052899e-04 1.29764157e-04]]]"
697a05c6fe4a07c601d46da80885645ad574ea19b47ee795ccff216c9f1f1808,"[[[3.8734908e-04 3.0330173e-04 1.9742733e-04 ... 2.2742123e-04
   8.6728018e-05 9.0970434e-03]
  [1.3169933e-04 2.7892119e-04 3.5997762e-04 ... 3.8157645e-04
   4.1271364e-03 9.9782902e-01]
  [2.6179891e-04 3.8800470e-04 4.1478957e-04 ... 9.9663359e-01
   9.9999309e-01 9.9995959e-01]
  ...
  [3.9338559e-04 3.6408953e-04 4.5438868e-04 ... 9.9999833e-01
   9.9926811e-01 8.6923653e-01]
  [2.1077329e-04 5.1948801e-04 1.0885503e-03 ... 9.8819619e-01
   7.9825312e-01 8.9816403e-01]
  [4.7105268e-04 1.6858773e-03 6.9556548e-04 ... 6.6546279e-01
   4.4974324e-01 3.1723195e-01]]]"
699f2992cd71e2e28cf45f81347ff22e76b37541ce88087742884cd0e9aadc68,"[[[1.6074342e-01 9.9911374e-01 9.9246854e-01 ... 3.5133574e-04
   1.4563047e-04 2.2105442e-04]
  [4.1915426e-01 9.9997807e-01 9.9986708e-01 ... 2.3597892e-04
   1.8590144e-04 2.0231107e-04]
  [7.6503577e-03 8.1623352e-01 9.9871528e-01 ... 4.0662932e-04
   2.2958442e-04 1.2167351e-04]
  ...
  [4.3277103e-02 7.1304711e-04 3.0491201e-04 ... 6.0947397e-04
   2.1131309e-03 8.1579504e-04]
  [9.5270030e-02 7.6425710e-04 2.6730233e-04 ... 2.7052101e-03
   7.8943297e-03 1.0832347e-03]
  [2.1636212e-02 2.8879424e-03 9.9789223e-04 ... 2.2157541e-04
   1.1816943e-03 8.3006918e-04]]]"
78a981bd27ba0c65a9169548665a17bda9f49050d0d3893a6567d1eb92cd003d,"[[[9.9997735e-01 9.9999762e-01 9.9998868e-01 ... 1.9548504e-04
   6.9378788e-05 1.0077154e-04]
  [9.9999654e-01 9.9999940e-01 9.9999917e-01 ... 1.4767757e-04
   7.7068828e-05 1.3975409e-04]
  [9.9997342e-01 9.9999917e-01 9.9999905e-01 ... 2.2499741e-04
   2.4533182e-04 1.3038369e-04]
  ...
  [2.4845597e-04 3.3595474e-04 2.4799994e-04 ... 5.3647783e-04
   1.6019434e-02 3.0046643e-03]
  [1.7711004e-04 1.8080384e-04 1.5517994e-04 ... 9.4305520e-04
   3.7974567e-04 3.2137893e-04]
  [1.4612192e-03 1.0477843e-03 1.2069655e-03 ... 4.8034091e-02
   5.0545763e-02 1.3809673e-03]]]"
7bdb668e6127b7eafc837a883f0648002bd063c736f55a4f673e787250a3fb04,"[[[4.58344992e-04 4.02411562e-04 2.84448237e-04 ... 2.98316590e-04
   2.00947063e-04 3.95183597e-04]
  [1.47400002e-04 2.78010819e-04 4.45780664e-04 ... 3.11567012e-04
   2.09622493e-04 3.08946299e-04]
  [2.62565794e-04 3.78405326e-04 4.84675576e-04 ... 2.45446688e-04
   3.75518226e-04 2.26541481e-04]
  ...
  [2.37048720e-04 1.83946380e-04 1.66133657e-04 ... 3.20822408e-04
   7.55772111e-04 1.59801260e-04]
  [1.07048414e-04 9.85450388e-05 1.10124849e-04 ... 3.64527834e-04
   3.40183557e-04 1.75670182e-04]
  [4.97401401e-04 4.29859909e-04 4.01622878e-04 ... 5.67816140e-04
   3.16441022e-02 1.26634189e-03]]]"
7f4cbe0b36b5d09466476a7d4e01f4f976c67872d549f4ff47b3e1e3a2b403af,"[[[0.00048588 0.00039803 0.00024894 ... 0.00038412 0.00023755 0.00038077]
  [0.00015811 0.00035003 0.00043346 ... 0.00056362 0.00028836 0.0004161 ]
  [0.00027753 0.00045969 0.00061702 ... 0.0003651  0.00056705 0.00039683]
  ...
  [0.00022014 0.00037122 0.00031707 ... 0.01145056 0.00083494 0.00023467]
  [0.00027751 0.00022128 0.00020227 ... 0.0007093  0.00024644 0.00026424]
  [0.04358763 0.00421644 0.00041699 ... 0.01652711 0.02489024 0.00170607]]]"
8922a6ac8fd0258ec27738ca101867169b20d90a60fc84f93df77acd5bf7c80b,"[[[0.00033174 0.00019656 0.00011658 ... 0.00036039 0.00027109 0.00037565]
  [0.00010087 0.00018156 0.000191   ... 0.00049365 0.00032889 0.00042755]
  [0.00024954 0.00034302 0.0002975  ... 0.00039136 0.00047741 0.00034346]
  ...
  [0.00018775 0.000248   0.00016952 ... 0.00055602 0.00179663 0.0004212 ]
  [0.0001547  0.00018812 0.0001708  ... 0.00050737 0.00026525 0.00019662]
  [0.00312817 0.00108255 0.00032315 ... 0.00038292 0.0024878  0.0013234 ]]]"
8b59819fbc92eefe45b1db95c0cc3a467ddcfc755684c7f2ba2f6ccb9ad740ab,"[[[2.10826343e-04 1.35519876e-04 7.81485069e-05 ... 1.48426625e-04
   8.19553461e-05 1.45105005e-04]
  [7.42197735e-05 8.85048139e-05 8.96454731e-05 ... 1.21420955e-04
   8.87977367e-05 1.45817379e-04]
  [1.43398182e-04 1.26470244e-04 1.22421581e-04 ... 1.65022648e-04
   1.52050867e-04 1.11692701e-04]
  ...
  [2.02081254e-04 2.25788041e-04 1.62565964e-04 ... 9.81644407e-05
   1.35328897e-04 6.80379453e-05]
  [1.03515486e-04 1.53818866e-04 1.30421028e-03 ... 7.02223188e-05
   6.41758670e-05 4.53574539e-05]
  [4.43124649e-04 3.96934920e-04 5.15895244e-03 ... 7.01840981e-05
   1.53277564e-04 1.54359994e-04]]]"
912a679e4b9b1d1a75170254fd675b8c24b664d80ad7ea7e460241a23535a406,"[[[2.18472123e-04 1.33480324e-04 7.37267692e-05 ... 9.99899745e-01
   9.99975801e-01 6.18763089e-01]
  [7.30650136e-05 7.97975590e-05 7.94338193e-05 ... 9.99985695e-01
   9.99998927e-01 3.19573209e-02]
  [1.38021336e-04 1.18820150e-04 1.12534486e-04 ... 1.04467226e-02
   7.09300265e-02 2.25288284e-04]
  ...
  [1.06402178e-04 7.28995074e-05 7.71785562e-05 ... 5.80481112e-01
   7.77749956e-01 3.23572336e-03]
  [6.25319444e-05 5.83221808e-05 5.74442092e-05 ... 4.18405762e-05
   2.34562795e-05 8.43052258e-05]
  [2.14700354e-04 1.36453236e-04 6.89462613e-05 ... 1.30568063e-04
   3.24430905e-04 1.60627736e-04]]]"
9ab2d381f90b485a68b82bc07f94397a0373e3215ad20935a958738e55f3cfc2,"[[[2.7145181e-04 1.6362018e-04 7.5003845e-05 ... 3.4912027e-04
   2.1215442e-04 3.5515154e-04]
  [7.8111254e-05 1.0192263e-04 9.6835858e-05 ... 4.3178006e-04
   2.7820570e-04 3.5395770e-04]
  [1.5994273e-04 1.6232216e-04 1.4439804e-04 ... 3.6961518e-04
   7.0263393e-04 3.4753294e-04]
  ...
  [9.7881682e-05 6.9857575e-05 7.1660717e-05 ... 5.0679842e-05
   8.0662692e-05 6.5959677e-05]
  [6.0747727e-05 4.3770462e-05 4.4859964e-05 ... 3.9241604e-05
   4.1024454e-05 3.9784463e-05]
  [3.7491621e-04 2.2065705e-04 1.0393010e-04 ... 6.5079352e-05
   1.4481955e-04 1.5856484e-04]]]"
9f17aea854db13015d19b34cb2022cfdeda44133323fcd6bb3545f7b9404d8ab,"[[[8.02366820e-04 4.90212347e-04 5.20469155e-04 ... 4.22151327e-01
   2.78773415e-03 2.73046410e-03]
  [2.41604997e-04 1.29181790e-04 1.16298215e-04 ... 1.92933567e-02
   3.60312057e-04 6.95845869e-04]
  [5.18520887e-04 3.40623810e-04 2.13637861e-04 ... 4.09153436e-04
   1.71439242e-04 2.93408928e-04]
  ...
  [7.16171286e-04 5.22483955e-04 6.74163573e-04 ... 9.00290106e-05
   4.23093843e-05 2.45387957e-04]
  [1.74696231e-03 1.20362930e-03 6.68021094e-04 ... 1.05002960e-04
   6.92866233e-05 3.26512643e-04]
  [1.85968773e-03 1.67694278e-02 9.44009051e-04 ... 2.76005245e-04
   7.07856438e-04 1.23358530e-03]]]"
a4816cc1fb76cb3c5e481186833fc0ae9cf426a1406a2607e974e65e9cddba4f,"[[[3.6387477e-04 2.9271070e-04 1.8923053e-04 ... 2.2852978e-04
   1.6412645e-04 2.4768020e-04]
  [1.4831882e-04 2.3258878e-04 2.5645545e-04 ... 2.0721443e-04
   1.9645652e-04 2.3929869e-04]
  [2.5571516e-04 2.8103046e-04 2.6367462e-04 ... 2.4364459e-04
   3.2916240e-04 1.8741442e-04]
  ...
  [2.3970536e-04 1.5760223e-04 1.5723868e-04 ... 3.2942310e-01
   8.9632183e-01 9.8535085e-01]
  [2.6014776e-04 1.9493466e-04 1.5086260e-04 ... 9.7194642e-01
   2.5961939e-02 8.0549860e-01]
  [1.7201557e-03 5.7977636e-04 1.9662628e-04 ... 9.9070215e-01
   6.7693537e-01 1.3697827e-01]]]"
a984e7fb886aa02e29d112766d3ce26a4f78eac540ce7bbdbd42af2761928f6d,"[[[3.52139413e-01 8.85975838e-01 8.84349346e-01 ... 2.16819040e-04
   1.00123558e-04 1.50265347e-04]
  [1.26656935e-01 6.81147099e-01 9.23190176e-01 ... 2.04527387e-04
   1.59036354e-04 1.64079349e-04]
  [9.99918818e-01 9.99998569e-01 9.99999046e-01 ... 1.09667220e-04
   1.55003800e-04 6.03745902e-05]
  ...
  [1.53409913e-02 3.14733101e-04 2.26043296e-04 ... 9.99956846e-01
   9.99986529e-01 9.97772753e-01]
  [5.79188112e-04 1.44564605e-04 1.05586725e-04 ... 4.38481033e-01
   6.56847656e-02 8.95200253e-01]
  [2.45812368e-02 3.34957801e-03 4.94931242e-04 ... 8.11031640e-01
   9.23119128e-01 4.24674094e-01]]]"
ab298b962a63e4be9582513aaa84a5e270adba5fd2b16a50e59540524f63c3b8,"[[[2.21490292e-04 1.40390403e-04 7.32677654e-05 ... 1.29112712e-04
   6.77114003e-05 1.31793175e-04]
  [6.31986986e-05 8.55942708e-05 9.04260887e-05 ... 1.19427408e-04
   5.23370982e-05 1.33371301e-04]
  [1.29716398e-04 1.15797047e-04 1.23470367e-04 ... 1.18356969e-04
   9.78934477e-05 1.19543394e-04]
  ...
  [5.86472809e-01 3.53636056e-01 2.76646642e-05 ... 7.59421237e-05
   1.12068017e-04 6.06663234e-05]
  [9.99992728e-01 1.00000000e+00 9.99999762e-01 ... 5.41312802e-05
   4.49721447e-05 3.74520932e-05]
  [9.97680306e-01 9.99995112e-01 9.99999404e-01 ... 7.51960615e-05
   1.66051293e-04 1.75035311e-04]]]"
ade080c6618cbbb0a25680cf847f312b5e19b22bfe1cafec0436987ebe5b1e7e,"[[[1.91190527e-04 1.14466129e-04 6.24731183e-05 ... 1.46698498e-04
   7.57836897e-05 1.29494569e-04]
  [6.02113032e-05 6.50624061e-05 6.77722564e-05 ... 1.26196421e-04
   8.60993678e-05 1.39566851e-04]
  [1.10791159e-04 9.45621141e-05 8.69026117e-05 ... 1.64936748e-04
   1.57428003e-04 1.09005588e-04]
  ...
  [1.08879365e-04 7.28542655e-05 7.89422993e-05 ... 1.37776631e-04
   1.80424278e-04 8.80736698e-05]
  [6.20254141e-05 5.52200290e-05 5.55437728e-05 ... 9.21770625e-05
   9.39724268e-05 6.15819154e-05]
  [2.42666967e-04 1.63198230e-04 8.38801352e-05 ... 8.50283104e-05
   1.94544366e-04 1.74915695e-04]]]"
b83d1d77935b6cfd44105b54600ffc4b6bd82de57dec65571bcb117fa8398ba3,"[[[9.55850293e-04 6.45497290e-04 1.04581274e-03 ... 1.47080878e-04
   1.31144669e-04 1.00074988e-03]
  [2.69295764e-04 1.10231071e-04 8.40697612e-05 ... 4.16151088e-05
   3.63508843e-05 4.13876551e-04]
  [6.12905598e-04 2.80397246e-04 2.26837583e-04 ... 5.15882166e-05
   2.61387158e-05 1.21307996e-04]
  ...
  [8.92058313e-01 8.78590286e-01 7.33652413e-01 ... 7.40111427e-05
   3.88422195e-05 2.21239752e-04]
  [4.72576683e-03 1.01393566e-03 2.15118355e-03 ... 8.59951542e-05
   6.76323471e-05 3.85207037e-04]
  [1.71704553e-02 2.92534335e-03 1.71287137e-03 ... 3.51533905e-04
   6.03882887e-04 1.20160170e-03]]]"
bdc789019cee8ddfae20d5f769299993b4b330b2d38d1218646cf89e77fbbd4d,"[[[1.96696419e-04 1.18212251e-04 6.45569235e-05 ... 1.36781397e-04
   7.64683136e-05 1.33966270e-04]
  [6.14772944e-05 6.82982936e-05 7.12340116e-05 ... 1.14194561e-04
   8.51164878e-05 1.32283822e-04]
  [1.14114555e-04 9.84241778e-05 9.38187804e-05 ... 1.49950036e-04
   1.53855959e-04 1.01240032e-04]
  ...
  [1.23459307e-04 8.42512163e-05 9.19009472e-05 ... 8.88106078e-05
   1.09001208e-04 5.76296079e-05]
  [7.69281469e-05 6.81604215e-05 6.58247736e-05 ... 5.65967239e-05
   4.99321432e-05 4.89138656e-05]
  [3.00903659e-04 2.04779499e-04 1.01017264e-04 ... 6.53532334e-05
   1.71533757e-04 1.71138890e-04]]]"
c8e79ff4ac55f4b772057de28e539727b7f4f2a3de73bf7a082a0ace86d609eb,"[[[6.62209990e-04 3.80893587e-04 5.37410029e-04 ... 2.47676886e-04
   1.95228742e-04 9.93454712e-04]
  [3.51837691e-04 1.14107585e-04 9.05272900e-05 ... 8.58066705e-05
   7.73216889e-05 5.32637350e-04]
  [7.29385822e-04 2.79641448e-04 2.53000966e-04 ... 8.55984326e-05
   5.67267271e-05 2.06671597e-04]
  ...
  [9.59818900e-01 9.57224905e-01 9.99324441e-01 ... 2.14400407e-05
   1.79590970e-05 1.73838940e-04]
  [9.40154672e-01 6.74828470e-01 9.99753058e-01 ... 8.23361188e-05
   8.74856414e-05 4.23701538e-04]
  [1.81702614e-01 1.43758487e-02 3.73668894e-02 ... 6.06514863e-04
   1.28588942e-03 1.85524975e-03]]]"
ca20076870e8fb604e61802605a9ac45419c82dd3e23404c56c4869f9502a5ef,"[[[1.8953958e-01 2.5431726e-03 2.0683344e-04 ... 3.0736424e-04
   4.3460025e-04 5.9984336e-03]
  [1.4101507e-04 1.7040402e-04 1.6740835e-04 ... 1.8154770e-04
   4.4851756e-04 1.7629494e-03]
  [2.8507540e-04 3.1109029e-04 3.2538714e-04 ... 2.0298793e-04
   1.4568758e-04 1.2383626e-04]
  ...
  [9.9999547e-01 9.9999475e-01 9.9893576e-01 ... 9.9999988e-01
   9.9999881e-01 9.9923384e-01]
  [9.9999666e-01 9.9999893e-01 9.9998713e-01 ... 9.9993587e-01
   9.9789572e-01 9.4800574e-01]
  [9.9890614e-01 9.9990714e-01 9.9988258e-01 ... 9.9973673e-01
   9.9353725e-01 7.9958940e-01]]]"
d616d323a9eeb9da1b66f8d5df671d63c092c9919cb2c0b223e29c63257c944d,"[[[2.49461940e-04 1.91152794e-04 1.11546986e-04 ... 1.77233349e-04
   6.46151821e-05 8.30102508e-05]
  [1.05591658e-04 1.44355363e-04 1.42369798e-04 ... 1.68857106e-04
   6.61961021e-05 7.10945460e-05]
  [1.16856041e-04 1.51326793e-04 1.42401841e-04 ... 1.96650126e-05
   1.30080257e-03 1.05985381e-01]
  ...
  [9.91448700e-01 9.47125673e-01 4.93194861e-03 ... 4.40865725e-01
   2.44040981e-01 6.31259102e-03]
  [3.55897984e-03 6.15109748e-04 2.05281918e-04 ... 2.47291347e-04
   3.14835430e-04 2.40936456e-03]
  [5.74671216e-02 4.19374406e-02 1.70082611e-03 ... 1.34318165e-04
   3.00908840e-04 3.58123943e-04]]]"
d6eb7ce7723e2f6dc13b90b41a29ded27dbd815bad633fdf582447c686018896,"[[[2.46442592e-04 7.52706255e-04 9.99342501e-01 ... 9.99967098e-01
   9.99998331e-01 9.37624872e-01]
  [6.19922357e-05 5.13627529e-05 6.06217468e-03 ... 9.99998808e-01
   1.00000000e+00 1.71593845e-01]
  [1.42719247e-04 1.49401414e-04 1.13812224e-04 ... 9.99999166e-01
   1.00000000e+00 5.88464085e-04]
  ...
  [1.11609974e-04 4.72477986e-04 2.28265747e-02 ... 1.50892229e-04
   1.04554449e-04 6.89662484e-05]
  [1.36812945e-04 4.12635200e-05 8.07564084e-06 ... 1.56653245e-04
   3.46325745e-04 9.64959040e-02]
  [8.04246962e-01 9.83985484e-01 4.63632584e-01 ... 3.00405489e-04
   9.39865828e-01 9.26148236e-01]]]"
d8d4bf68a76e4e4c5f21de7ac613451f7115a04db686151e78b8ec0b6a22022b,"[[[1.9611065e-04 1.1299536e-04 5.9791892e-05 ... 1.0501617e-04
   5.5399203e-05 1.0765915e-04]
  [5.8491336e-05 6.3405510e-05 6.5217391e-05 ... 8.6670399e-05
   5.4778309e-05 1.0945012e-04]
  [1.0594112e-04 9.0268681e-05 8.1594997e-05 ... 1.1105940e-04
   9.8971366e-05 8.7876520e-05]
  ...
  [1.0438260e-04 6.6531262e-05 7.1869588e-05 ... 6.1979466e-05
   9.1204536e-05 5.4007738e-05]
  [6.9473790e-05 5.3274311e-05 5.5988410e-05 ... 5.6517281e-05
   4.1727410e-05 3.6302074e-05]
  [2.7259529e-04 1.6914232e-04 9.1180184e-05 ... 1.6460006e-04
   2.0408889e-04 1.4670842e-04]]]"
da6c593410340b19bb212b9f6d274f95b08c0fc8f2570cd66bc5ed42c560acab,"[[[2.00193725e-03 5.20731672e-04 5.59788838e-04 ... 1.00000000e+00
   9.99996662e-01 8.55816424e-01]
  [3.89980647e-04 9.15179044e-05 8.56591068e-05 ... 1.00000000e+00
   9.99999881e-01 9.84708071e-01]
  [5.79674961e-04 2.62826303e-04 1.78522023e-04 ... 7.95484288e-04
   9.91136068e-04 5.42527623e-02]
  ...
  [9.97778118e-01 1.00000000e+00 5.92654862e-04 ... 7.86046439e-05
   3.53791183e-05 2.41885500e-04]
  [9.99987841e-01 1.00000000e+00 4.48737381e-04 ... 1.01586615e-04
   6.94102855e-05 4.44764737e-04]
  [9.99579489e-01 9.99964237e-01 8.82661785e-04 ... 3.03355511e-04
   7.92181236e-04 1.33842486e-03]]]"
dab46d798d29aff2e99c23f47ed3064f5cafb1644629b015c95a2dd2ee593bb4,"[[[2.23109411e-04 1.35822091e-04 6.97474825e-05 ... 1.11858550e-04
   6.13048833e-05 1.16142503e-04]
  [6.54881151e-05 9.08355578e-05 8.84147230e-05 ... 8.68128263e-05
   4.91821120e-05 1.11752779e-04]
  [1.21387035e-04 1.20987206e-04 1.29559034e-04 ... 1.10932073e-04
   8.59259744e-05 8.80969383e-05]
  ...
  [1.25522056e-04 1.14858987e-04 8.79059444e-05 ... 5.51927587e-05
   8.15629464e-05 6.01334359e-05]
  [7.08492080e-05 7.47647646e-05 5.80262167e-05 ... 4.07344560e-05
   4.43468234e-05 3.99299679e-05]
  [4.54540103e-04 2.96852086e-04 1.25524821e-04 ... 7.03914047e-05
   1.58924027e-04 1.75183581e-04]]]"
df40099c6306ca1f47fcc8a62e2fa39486d4e223177afdc51b2ad189691802d8,"[[[6.10364252e-04 3.47237888e-04 1.65745514e-04 ... 2.26846882e-04
   1.02660946e-04 1.35175680e-04]
  [1.25242528e-04 1.29215419e-04 1.15531009e-04 ... 1.46084305e-04
   1.35690818e-04 1.30008630e-04]
  [1.47402388e-04 1.71011983e-04 1.47428393e-04 ... 1.16643620e-04
   2.32483479e-04 8.38069027e-05]
  ...
  [3.53030424e-04 1.08035340e-04 8.42842492e-05 ... 2.36952925e-04
   4.38764167e-04 2.75355502e-04]
  [6.13751181e-04 1.87672835e-04 1.02230224e-04 ... 1.33881229e-04
   1.38702904e-04 2.93434103e-04]
  [1.00022659e-03 4.49807616e-04 2.13283522e-04 ... 3.62554099e-04
   5.55011036e-04 2.99332809e-04]]]"
e17b7aedd251a016c01ef9158e6e4aa940d9f1b35942d86028dc1222192a9258,"[[[3.68500565e-04 2.38365508e-04 1.44226578e-04 ... 1.31910347e-04
   7.27209990e-05 1.41454366e-04]
  [1.14689996e-04 1.97232977e-04 2.26113349e-04 ... 1.11732334e-04
   6.06230678e-05 1.44217367e-04]
  [2.09706239e-04 2.66340212e-04 3.04486137e-04 ... 1.24152531e-04
   1.06530904e-04 1.24316721e-04]
  ...
  [1.00877020e-04 7.08955122e-05 6.54848700e-05 ... 5.16648688e-05
   6.86058702e-05 5.70909287e-05]
  [6.49594367e-05 5.30460820e-05 4.91834726e-05 ... 4.86453246e-05
   4.53448229e-05 3.99878118e-05]
  [3.94095579e-04 2.39504574e-04 1.02951803e-04 ... 7.00153032e-05
   1.50219508e-04 1.71176594e-04]]]"
eea70a7948d25a9a791dbcb39228af4ea4049fe5ebdee9c04884be8cca3da835,"[[[8.3506644e-01 1.4481936e-01 1.8049225e-04 ... 2.7112153e-04
   1.6032888e-04 2.5516938e-04]
  [5.1272285e-01 3.4721263e-02 2.3146672e-04 ... 2.6488307e-04
   1.8410712e-04 2.3812223e-04]
  [6.0984228e-02 7.1417500e-04 2.9284079e-04 ... 2.4506741e-04
   4.2385078e-04 2.2159421e-04]
  ...
  [2.2094736e-04 1.8403183e-04 1.8073437e-04 ... 1.2835095e-03
   8.2292530e-04 2.0607930e-04]
  [1.6035519e-04 1.8850353e-04 1.2892153e-04 ... 9.9756229e-01
   2.4608241e-03 2.7594366e-04]
  [6.0870510e-04 4.5890221e-04 1.9422057e-04 ... 9.9989688e-01
   9.9781930e-01 5.9306393e-03]]]"
f0d0ab13ff53adc3c4d57e95a5f83d80b06f2cbc0bf002b52cf7b496612e0ce4,"[[[1.88266786e-04 1.12455862e-04 6.14017117e-05 ... 1.47484781e-04
   7.10030145e-05 1.22071535e-04]
  [5.91165772e-05 6.37287885e-05 6.66409833e-05 ... 1.27675637e-04
   7.92288774e-05 1.38386502e-04]
  [1.08756918e-04 9.27392102e-05 8.50762372e-05 ... 1.56546637e-04
   1.29508757e-04 1.02394028e-04]
  ...
  [1.39401003e-04 1.05761152e-04 1.18514734e-04 ... 1.00329817e-04
   1.39636744e-04 7.10882450e-05]
  [6.62003949e-05 8.39833810e-05 8.73766767e-05 ... 7.15214483e-05
   7.04005433e-05 4.62537282e-05]
  [2.32335020e-04 2.18104964e-04 1.74216766e-04 ... 7.41640251e-05
   1.56893919e-04 1.58415220e-04]]]"
f5effed21f671bbf4551ecebb7fe95f3be1cf09c16a60afe64d2f0b95be9d1eb,"[[[9.6597475e-01 2.8893515e-03 4.5831705e-04 ... 1.3917110e-04
   1.1995996e-04 1.0281698e-03]
  [5.5578631e-01 3.9670453e-04 7.1875475e-05 ... 3.7569713e-05
   3.4591871e-05 3.6649467e-04]
  [1.0014776e-03 8.8609449e-05 1.1569583e-04 ... 5.2277337e-05
   3.4168537e-05 1.4123818e-04]
  ...
  [7.1074249e-04 5.5224966e-04 7.1489782e-04 ... 8.8655346e-05
   3.8843962e-05 1.9586789e-04]
  [1.6699185e-03 1.2407221e-03 6.9464865e-04 ... 1.1772686e-04
   7.4186806e-05 3.2975324e-04]
  [1.8964941e-03 1.5958643e-02 1.0492477e-03 ... 3.5899304e-04
   7.9308305e-04 1.2192375e-03]]]"
fac507fa4d1649e8b24c195d990f1fc3ca3633d917839e1751a9d412a14ab5e3,"[[[1.99805887e-04 1.22587575e-04 6.60910227e-05 ... 2.54695886e-04
   1.65071586e-04 1.54254638e-04]
  [6.30890427e-05 6.05924397e-05 5.91021526e-05 ... 1.08282045e-04
   8.78167193e-05 1.08867316e-04]
  [1.12914684e-04 8.57976702e-05 7.73184438e-05 ... 1.27581443e-04
   1.12813301e-04 6.69033834e-05]
  ...
  [1.05546758e-04 7.28525993e-05 6.71823291e-05 ... 9.99735534e-01
   9.99978185e-01 9.91952479e-01]
  [5.87987524e-05 5.93536060e-05 6.61955928e-05 ... 9.99979377e-01
   9.99993563e-01 9.94585693e-01]
  [2.15361957e-04 1.40465650e-04 9.31385657e-05 ... 9.99890804e-01
   9.99925613e-01 8.28174055e-01]]]"
fe9adb627a6f45747c5a8223b671774791ededf9364f6544be487c540107fa4f,"[[[8.22088681e-04 1.86223086e-04 9.58437886e-05 ... 1.39929834e-04
   7.09632150e-05 1.25359627e-04]
  [1.11044152e-04 1.05272149e-04 1.04972227e-04 ... 1.21597644e-04
   7.77050154e-05 1.37643219e-04]
  [2.15366250e-04 1.62671553e-04 1.77162234e-04 ... 1.53049739e-04
   1.35072609e-04 1.06030267e-04]
  ...
  [5.55694452e-04 1.43648358e-04 1.49368512e-04 ... 9.99999046e-01
   9.99983549e-01 9.99771655e-01]
  [7.32182452e-05 8.96784768e-05 1.03517450e-04 ... 9.99998450e-01
   9.99999404e-01 9.99738157e-01]
  [2.80275359e-04 2.47679505e-04 1.02937673e-04 ... 9.74944174e-01
   9.99730647e-01 8.57861578e-01]]]"
